{
  "rows": 1210,
  "discovery_candidates": 1000,
  "known_field_matches": 210,
  "score_column": "discovery_score",
  "max_score": 63.48346784732621,
  "mean_score": 41.80513090386505,
  "priority_buckets": {
    "medium": 994,
    "very_high": 209,
    "high": 7
  },
  "bounds": [
    -74.7541060956691,
    41.58787499999999,
    -73.926788,
    42.16166
  ]
}