{
  "rows": 1225,
  "discovery_candidates": 1000,
  "known_field_matches": 225,
  "score_column": "discovery_score",
  "max_score": 68.27355866052457,
  "mean_score": 54.758109278738864,
  "priority_buckets": {
    "medium": 614,
    "high": 387,
    "very_high": 223,
    "low": 1
  },
  "bounds": [
    -74.764928,
    41.58889532230125,
    -73.926788,
    42.16150600000001
  ]
}