{
  "rows": 1324,
  "discovery_candidates": 1000,
  "known_field_matches": 324,
  "score_column": "discovery_score",
  "max_score": 55.59338442941558,
  "mean_score": 38.23455372409929,
  "priority_buckets": {
    "medium": 894,
    "very_high": 324,
    "low": 105,
    "high": 1
  },
  "bounds": [
    -74.764617,
    41.58855500000001,
    -73.94369,
    42.16166
  ]
}