{
  "rows": 1327,
  "discovery_candidates": 1000,
  "known_field_matches": 327,
  "score_column": "discovery_score",
  "max_score": 55.001077681517295,
  "mean_score": 36.07677106222251,
  "priority_buckets": {
    "low": 512,
    "medium": 487,
    "very_high": 327,
    "high": 1
  },
  "bounds": [
    -74.764928,
    41.58787499999999,
    -73.926788,
    42.16042010463083
  ]
}