{
  "rows": 4141,
  "discovery_candidates": 4141,
  "known_field_matches": 504,
  "exported_known_field_matches": 0,
  "score_column": "discovery_score",
  "max_score": 67.7545866745909,
  "mean_score": 34.27461479033743,
  "priority_buckets": {
    "low": 2253,
    "medium": 1708,
    "high": 180
  },
  "bounds": [
    -74.764617,
    41.58785235321804,
    -73.941419,
    42.16262235825067
  ]
}