{
  "rows": 1083,
  "discovery_candidates": 1000,
  "known_field_matches": 83,
  "score_column": "discovery_score",
  "max_score": 53.8414936787317,
  "mean_score": 37.30559952013068,
  "priority_buckets": {
    "medium": 513,
    "low": 487,
    "very_high": 83
  },
  "bounds": [
    -74.762622,
    41.58787499999999,
    -73.943669,
    42.16166
  ]
}